location_id,parameter,value,unit,timezone,date,avg_nox
1214473,nox,0.002,ppm,Asia/Tokyo,2024-02-20,0.00030952380952380956
1214473,nox,0.003,ppm,Asia/Tokyo,2024-02-20,0.00030952380952380956
1214473,nox,0.001,ppm,Asia/Tokyo,2024-02-20,0.00030952380952380956
1214473,nox,0.001,ppm,Asia/Tokyo,2024-02-20,0.00030952380952380956
1214473,nox,0.001,ppm,Asia/Tokyo,2024-02-20,0.00030952380952380956
1214473,nox,0.001,ppm,Asia/Tokyo,2024-02-20,0.00030952380952380956
1214473,nox,0.001,ppm,Asia/Tokyo,2024-02-20,0.00030952380952380956
1214473,nox,0.001,ppm,Asia/Tokyo,2024-02-20,0.00030952380952380956
1214473,nox,0.001,ppm,Asia/Tokyo,2024-02-20,0.00030952380952380956
1214473,nox,0.0,ppm,Asia/Tokyo,2024-02-20,0.00030952380952380956
1214473,nox,0.0,ppm,Asia/Tokyo,2024-02-20,0.00030952380952380956
1214473,nox,0.0,ppm,Asia/Tokyo,2024-02-20,0.00030952380952380956
1214473,nox,0.0,ppm,Asia/Tokyo,2024-02-20,0.00030952380952380956
1214473,nox,0.0,ppm,Asia/Tokyo,2024-02-20,0.00030952380952380956
1214473,nox,0.0,ppm,Asia/Tokyo,2024-02-20,0.00030952380952380956
1214473,nox,0.0,ppm,Asia/Tokyo,2024-02-20,0.00030952380952380956
1214473,nox,0.0,ppm,Asia/Tokyo,2024-02-20,0.00030952380952380956
1214473,nox,0.0,ppm,Asia/Tokyo,2024-02-20,0.00030952380952380956
1214473,nox,0.0,ppm,Asia/Tokyo,2024-02-20,0.00030952380952380956
1214473,nox,0.0,ppm,Asia/Tokyo,2024-02-20,0.00030952380952380956
1214473,nox,0.001,ppm,Asia/Tokyo,2024-02-20,0.00030952380952380956
1214473,nox,0.001,ppm,Asia/Tokyo,2024-02-21,0.00018181818181818183
1214473,nox,0.001,ppm,Asia/Tokyo,2024-02-21,0.00018181818181818183
1214473,nox,0.001,ppm,Asia/Tokyo,2024-02-21,0.00018181818181818183
1214473,nox,0.001,ppm,Asia/Tokyo,2024-02-21,0.00018181818181818183
1214473,nox,0.001,ppm,Asia/Tokyo,2024-02-21,0.00018181818181818183
1214473,nox,0.001,ppm,Asia/Tokyo,2024-02-21,0.00018181818181818183
1214473,nox,0.001,ppm,Asia/Tokyo,2024-02-21,0.00018181818181818183
1214473,nox,0.001,ppm,Asia/Tokyo,2024-02-21,0.00018181818181818183
1214473,nox,0.0,ppm,Asia/Tokyo,2024-02-21,0.00018181818181818183
1214473,nox,0.0,ppm,Asia/Tokyo,2024-02-21,0.00018181818181818183
1214473,nox,0.0,ppm,Asia/Tokyo,2024-02-21,0.00018181818181818183
1214473,nox,0.0,ppm,Asia/Tokyo,2024-02-21,0.00018181818181818183
1214473,nox,0.0,ppm,Asia/Tokyo,2024-02-21,0.00018181818181818183
1214473,nox,0.0,ppm,Asia/Tokyo,2024-02-21,0.00018181818181818183
1214473,nox,0.0,ppm,Asia/Tokyo,2024-02-21,0.00018181818181818183
1214473,nox,0.0,ppm,Asia/Tokyo,2024-02-21,0.00018181818181818183
1214473,nox,0.0,ppm,Asia/Tokyo,2024-02-21,0.00018181818181818183
1214473,nox,0.0,ppm,Asia/Tokyo,2024-02-21,0.00018181818181818183
1214473,nox,0.0,ppm,Asia/Tokyo,2024-02-21,0.00018181818181818183
1214473,nox,0.0,ppm,Asia/Tokyo,2024-02-21,0.00018181818181818183
1214473,nox,0.0,ppm,Asia/Tokyo,2024-02-21,0.00018181818181818183
1214473,nox,0.0,ppm,Asia/Tokyo,2024-02-21,0.00018181818181818183
1214473,nox,0.001,ppm,Asia/Tokyo,2024-02-22,0.00018181818181818183
1214473,nox,0.001,ppm,Asia/Tokyo,2024-02-22,0.00018181818181818183
1214473,nox,0.001,ppm,Asia/Tokyo,2024-02-22,0.00018181818181818183
1214473,nox,0.001,ppm,Asia/Tokyo,2024-02-22,0.00018181818181818183
1214473,nox,0.001,ppm,Asia/Tokyo,2024-02-22,0.00018181818181818183
1214473,nox,0.001,ppm,Asia/Tokyo,2024-02-22,0.00018181818181818183
1214473,nox,0.001,ppm,Asia/Tokyo,2024-02-22,0.00018181818181818183
1214473,nox,0.001,ppm,Asia/Tokyo,2024-02-22,0.00018181818181818183
1214473,nox,0.0,ppm,Asia/Tokyo,2024-02-22,0.00018181818181818183
1214473,nox,0.0,ppm,Asia/Tokyo,2024-02-22,0.00018181818181818183
1214473,nox,0.0,ppm,Asia/Tokyo,2024-02-22,0.00018181818181818183
1214473,nox,0.0,ppm,Asia/Tokyo,2024-02-22,0.00018181818181818183
1214473,nox,0.0,ppm,Asia/Tokyo,2024-02-22,0.00018181818181818183
1214473,nox,0.0,ppm,Asia/Tokyo,2024-02-22,0.00018181818181818183
1214473,nox,0.0,ppm,Asia/Tokyo,2024-02-22,0.00018181818181818183
1214473,nox,0.0,ppm,Asia/Tokyo,2024-02-22,0.00018181818181818183
1214473,nox,0.0,ppm,Asia/Tokyo,2024-02-22,0.00018181818181818183
1214473,nox,0.0,ppm,Asia/Tokyo,2024-02-22,0.00018181818181818183
1214473,nox,0.0,ppm,Asia/Tokyo,2024-02-22,0.00018181818181818183
1214473,nox,0.0,ppm,Asia/Tokyo,2024-02-22,0.00018181818181818183
1214473,nox,0.0,ppm,Asia/Tokyo,2024-02-22,0.00018181818181818183
1214473,nox,0.0,ppm,Asia/Tokyo,2024-02-22,0.00018181818181818183
1214473,nox,0.002,ppm,Asia/Tokyo,2024-02-23,0.0013181818181818182
1214473,nox,0.001,ppm,Asia/Tokyo,2024-02-23,0.0013181818181818182
1214473,nox,0.002,ppm,Asia/Tokyo,2024-02-23,0.0013181818181818182
1214473,nox,0.001,ppm,Asia/Tokyo,2024-02-23,0.0013181818181818182
1214473,nox,0.001,ppm,Asia/Tokyo,2024-02-23,0.0013181818181818182
1214473,nox,0.004,ppm,Asia/Tokyo,2024-02-23,0.0013181818181818182
1214473,nox,0.004,ppm,Asia/Tokyo,2024-02-23,0.0013181818181818182
1214473,nox,0.003,ppm,Asia/Tokyo,2024-02-23,0.0013181818181818182
1214473,nox,0.003,ppm,Asia/Tokyo,2024-02-23,0.0013181818181818182
1214473,nox,0.0,ppm,Asia/Tokyo,2024-02-23,0.0013181818181818182
1214473,nox,0.001,ppm,Asia/Tokyo,2024-02-23,0.0013181818181818182
1214473,nox,0.002,ppm,Asia/Tokyo,2024-02-23,0.0013181818181818182
1214473,nox,0.004,ppm,Asia/Tokyo,2024-02-23,0.0013181818181818182
1214473,nox,0.002,ppm,Asia/Tokyo,2024-02-23,0.0013181818181818182
1214473,nox,0.0,ppm,Asia/Tokyo,2024-02-23,0.0013181818181818182
1214473,nox,0.0,ppm,Asia/Tokyo,2024-02-23,0.0013181818181818182
1214473,nox,0.0,ppm,Asia/Tokyo,2024-02-23,0.0013181818181818182
1214473,nox,0.001,ppm,Asia/Tokyo,2024-02-23,0.0013181818181818182
1214473,nox,0.001,ppm,Asia/Tokyo,2024-02-23,0.0013181818181818182
1214473,nox,0.003,ppm,Asia/Tokyo,2024-02-23,0.0013181818181818182
1214473,nox,0.01,ppm,Asia/Tokyo,2024-02-23,0.0013181818181818182
1214473,nox,0.013,ppm,Asia/Tokyo,2024-02-23,0.0013181818181818182
1214473,nox,0.007,ppm,Asia/Tokyo,2024-02-24,0.00040909090909090913
1214473,nox,0.001,ppm,Asia/Tokyo,2024-02-24,0.00040909090909090913
1214473,nox,0.001,ppm,Asia/Tokyo,2024-02-24,0.00040909090909090913
1214473,nox,0.001,ppm,Asia/Tokyo,2024-02-24,0.00040909090909090913
1214473,nox,0.001,ppm,Asia/Tokyo,2024-02-24,0.00040909090909090913
1214473,nox,0.001,ppm,Asia/Tokyo,2024-02-24,0.00040909090909090913
1214473,nox,0.001,ppm,Asia/Tokyo,2024-02-24,0.00040909090909090913
1214473,nox,0.001,ppm,Asia/Tokyo,2024-02-24,0.00040909090909090913
1214473,nox,0.001,ppm,Asia/Tokyo,2024-02-24,0.00040909090909090913
1214473,nox,0.0,ppm,Asia/Tokyo,2024-02-24,0.00040909090909090913
1214473,nox,0.0,ppm,Asia/Tokyo,2024-02-24,0.00040909090909090913
1214473,nox,0.0,ppm,Asia/Tokyo,2024-02-24,0.00040909090909090913
1214473,nox,0.0,ppm,Asia/Tokyo,2024-02-24,0.00040909090909090913
1214473,nox,0.0,ppm,Asia/Tokyo,2024-02-24,0.00040909090909090913
1214473,nox,0.001,ppm,Asia/Tokyo,2024-02-24,0.00040909090909090913
1214473,nox,0.0,ppm,Asia/Tokyo,2024-02-24,0.00040909090909090913
1214473,nox,0.0,ppm,Asia/Tokyo,2024-02-24,0.00040909090909090913
1214473,nox,0.0,ppm,Asia/Tokyo,2024-02-24,0.00040909090909090913
1214473,nox,0.0,ppm,Asia/Tokyo,2024-02-24,0.00040909090909090913
1214473,nox,0.0,ppm,Asia/Tokyo,2024-02-24,0.00040909090909090913
1214473,nox,0.001,ppm,Asia/Tokyo,2024-02-24,0.00040909090909090913
1214473,nox,0.001,ppm,Asia/Tokyo,2024-02-24,0.00040909090909090913
1214473,nox,0.001,ppm,Asia/Tokyo,2024-02-25,0.0008863636363636364
1214473,nox,0.001,ppm,Asia/Tokyo,2024-02-25,0.0008863636363636364
1214473,nox,0.002,ppm,Asia/Tokyo,2024-02-25,0.0008863636363636364
1214473,nox,0.001,ppm,Asia/Tokyo,2024-02-25,0.0008863636363636364
1214473,nox,0.001,ppm,Asia/Tokyo,2024-02-25,0.0008863636363636364
1214473,nox,0.002,ppm,Asia/Tokyo,2024-02-25,0.0008863636363636364
1214473,nox,0.003,ppm,Asia/Tokyo,2024-02-25,0.0008863636363636364
1214473,nox,0.002,ppm,Asia/Tokyo,2024-02-25,0.0008863636363636364
1214473,nox,0.001,ppm,Asia/Tokyo,2024-02-25,0.0008863636363636364
1214473,nox,0.001,ppm,Asia/Tokyo,2024-02-25,0.0008863636363636364
1214473,nox,0.001,ppm,Asia/Tokyo,2024-02-25,0.0008863636363636364
1214473,nox,0.001,ppm,Asia/Tokyo,2024-02-25,0.0008863636363636364
1214473,nox,0.001,ppm,Asia/Tokyo,2024-02-25,0.0008863636363636364
1214473,nox,0.0,ppm,Asia/Tokyo,2024-02-25,0.0008863636363636364
1214473,nox,0.001,ppm,Asia/Tokyo,2024-02-25,0.0008863636363636364
1214473,nox,0.001,ppm,Asia/Tokyo,2024-02-25,0.0008863636363636364
1214473,nox,0.001,ppm,Asia/Tokyo,2024-02-25,0.0008863636363636364
1214473,nox,0.001,ppm,Asia/Tokyo,2024-02-25,0.0008863636363636364
1214473,nox,0.003,ppm,Asia/Tokyo,2024-02-25,0.0008863636363636364
1214473,nox,0.002,ppm,Asia/Tokyo,2024-02-25,0.0008863636363636364
1214473,nox,0.004,ppm,Asia/Tokyo,2024-02-25,0.0008863636363636364
1214473,nox,0.008,ppm,Asia/Tokyo,2024-02-25,0.0008863636363636364
1214473,nox,0.002,ppm,Asia/Tokyo,2024-02-26,0.0006666666666666666
1214473,nox,0.001,ppm,Asia/Tokyo,2024-02-26,0.0006666666666666666
1214473,nox,0.001,ppm,Asia/Tokyo,2024-02-26,0.0006666666666666666
1214473,nox,0.001,ppm,Asia/Tokyo,2024-02-26,0.0006666666666666666
1214473,nox,0.001,ppm,Asia/Tokyo,2024-02-26,0.0006666666666666666
1214473,nox,0.001,ppm,Asia/Tokyo,2024-02-26,0.0006666666666666666
1214473,nox,0.001,ppm,Asia/Tokyo,2024-02-26,0.0006666666666666666
1214473,nox,0.001,ppm,Asia/Tokyo,2024-02-26,0.0006666666666666666
1214473,nox,0.001,ppm,Asia/Tokyo,2024-02-26,0.0006666666666666666
1214473,nox,0.001,ppm,Asia/Tokyo,2024-02-26,0.0006666666666666666
1214473,nox,0.001,ppm,Asia/Tokyo,2024-02-26,0.0006666666666666666
1214473,nox,0.0,ppm,Asia/Tokyo,2024-02-26,0.0006666666666666666
1214473,nox,0.0,ppm,Asia/Tokyo,2024-02-26,0.0006666666666666666
1214473,nox,0.0,ppm,Asia/Tokyo,2024-02-26,0.0006666666666666666
1214473,nox,0.0,ppm,Asia/Tokyo,2024-02-26,0.0006666666666666666
1214473,nox,0.0,ppm,Asia/Tokyo,2024-02-26,0.0006666666666666666
1214473,nox,0.001,ppm,Asia/Tokyo,2024-02-26,0.0006666666666666666
1214473,nox,0.001,ppm,Asia/Tokyo,2024-02-26,0.0006666666666666666
1214473,nox,0.003,ppm,Asia/Tokyo,2024-02-26,0.0006666666666666666
1214473,nox,0.009,ppm,Asia/Tokyo,2024-02-26,0.0006666666666666666
1214473,nox,0.014,ppm,Asia/Tokyo,2024-02-27,0.001103448275862069
1214473,nox,0.004,ppm,Asia/Tokyo,2024-02-27,0.001103448275862069
1214473,nox,0.001,ppm,Asia/Tokyo,2024-02-27,0.001103448275862069
1214473,nox,0.002,ppm,Asia/Tokyo,2024-02-27,0.001103448275862069
1214473,nox,0.001,ppm,Asia/Tokyo,2024-02-27,0.001103448275862069
1214473,nox,0.001,ppm,Asia/Tokyo,2024-02-27,0.001103448275862069
1214473,nox,0.002,ppm,Asia/Tokyo,2024-02-27,0.001103448275862069
1214473,nox,0.001,ppm,Asia/Tokyo,2024-02-27,0.001103448275862069
1214473,nox,0.001,ppm,Asia/Tokyo,2024-02-27,0.001103448275862069
1214473,nox,0.002,ppm,Asia/Tokyo,2024-02-27,0.001103448275862069
1214473,nox,0.002,ppm,Asia/Tokyo,2024-02-27,0.001103448275862069
1214473,nox,0.001,ppm,Asia/Tokyo,2024-02-27,0.001103448275862069
1214473,nox,0.0,ppm,Asia/Tokyo,2024-02-27,0.001103448275862069
1214473,nox,0.0,ppm,Asia/Tokyo,2024-02-27,0.001103448275862069
1214473,nox,0.001,ppm,Asia/Tokyo,2024-02-27,0.001103448275862069
1214473,nox,0.0,ppm,Asia/Tokyo,2024-02-27,0.001103448275862069
1214473,nox,0.001,ppm,Asia/Tokyo,2024-02-27,0.001103448275862069
1214473,nox,0.001,ppm,Asia/Tokyo,2024-02-27,0.001103448275862069
1214473,nox,0.001,ppm,Asia/Tokyo,2024-02-27,0.001103448275862069
1214473,nox,0.002,ppm,Asia/Tokyo,2024-02-27,0.001103448275862069
1214473,nox,0.004,ppm,Asia/Tokyo,2024-02-27,0.001103448275862069
1214473,nox,0.006,ppm,Asia/Tokyo,2024-02-27,0.001103448275862069
1214473,nox,0.006,ppm,Asia/Tokyo,2024-02-28,0.0015189873417721519
1214473,nox,0.002,ppm,Asia/Tokyo,2024-02-28,0.0015189873417721519
1214473,nox,0.001,ppm,Asia/Tokyo,2024-02-28,0.0015189873417721519
1214473,nox,0.001,ppm,Asia/Tokyo,2024-02-28,0.0015189873417721519
1214473,nox,0.001,ppm,Asia/Tokyo,2024-02-28,0.0015189873417721519
1214473,nox,0.001,ppm,Asia/Tokyo,2024-02-28,0.0015189873417721519
1214473,nox,0.001,ppm,Asia/Tokyo,2024-02-28,0.0015189873417721519
1214473,nox,0.001,ppm,Asia/Tokyo,2024-02-28,0.0015189873417721519
1214473,nox,0.001,ppm,Asia/Tokyo,2024-02-28,0.0015189873417721519
1214473,nox,0.001,ppm,Asia/Tokyo,2024-02-28,0.0015189873417721519
1214473,nox,0.005,ppm,Asia/Tokyo,2024-02-28,0.0015189873417721519
1214473,nox,0.005,ppm,Asia/Tokyo,2024-02-28,0.0015189873417721519
1214473,nox,0.002,ppm,Asia/Tokyo,2024-02-28,0.0015189873417721519
1214473,nox,0.001,ppm,Asia/Tokyo,2024-02-28,0.0015189873417721519
1214473,nox,0.002,ppm,Asia/Tokyo,2024-02-28,0.0015189873417721519
1214473,nox,0.002,ppm,Asia/Tokyo,2024-02-28,0.0015189873417721519
1214473,nox,0.001,ppm,Asia/Tokyo,2024-02-28,0.0015189873417721519
1214473,nox,0.002,ppm,Asia/Tokyo,2024-02-28,0.0015189873417721519
1214473,nox,0.006,ppm,Asia/Tokyo,2024-02-28,0.0015189873417721519
1214473,nox,0.018,ppm,Asia/Tokyo,2024-02-28,0.0015189873417721519
1214473,nox,0.017,ppm,Asia/Tokyo,2024-02-29,0.0011264367816091955
1214473,nox,0.003,ppm,Asia/Tokyo,2024-02-29,0.0011264367816091955
1214473,nox,0.002,ppm,Asia/Tokyo,2024-02-29,0.0011264367816091955
1214473,nox,0.001,ppm,Asia/Tokyo,2024-02-29,0.0011264367816091955
1214473,nox,0.001,ppm,Asia/Tokyo,2024-02-29,0.0011264367816091955
1214473,nox,0.001,ppm,Asia/Tokyo,2024-02-29,0.0011264367816091955
1214473,nox,0.001,ppm,Asia/Tokyo,2024-02-29,0.0011264367816091955
1214473,nox,0.001,ppm,Asia/Tokyo,2024-02-29,0.0011264367816091955
1214473,nox,0.001,ppm,Asia/Tokyo,2024-02-29,0.0011264367816091955
1214473,nox,0.001,ppm,Asia/Tokyo,2024-02-29,0.0011264367816091955
1214473,nox,0.001,ppm,Asia/Tokyo,2024-02-29,0.0011264367816091955
1214473,nox,0.001,ppm,Asia/Tokyo,2024-02-29,0.0011264367816091955
1214473,nox,0.001,ppm,Asia/Tokyo,2024-02-29,0.0011264367816091955
1214473,nox,0.001,ppm,Asia/Tokyo,2024-02-29,0.0011264367816091955
1214473,nox,0.001,ppm,Asia/Tokyo,2024-02-29,0.0011264367816091955
1214473,nox,0.001,ppm,Asia/Tokyo,2024-02-29,0.0011264367816091955
1214473,nox,0.001,ppm,Asia/Tokyo,2024-02-29,0.0011264367816091955
1214473,nox,0.001,ppm,Asia/Tokyo,2024-02-29,0.0011264367816091955
1214473,nox,0.001,ppm,Asia/Tokyo,2024-02-29,0.0011264367816091955
1214473,nox,0.001,ppm,Asia/Tokyo,2024-02-29,0.0011264367816091955
1214473,nox,0.002,ppm,Asia/Tokyo,2024-02-29,0.0011264367816091955
1214473,nox,0.006,ppm,Asia/Tokyo,2024-02-29,0.0011264367816091955
1214473,nox,0.004,ppm,Asia/Tokyo,2024-03-01,0.000689655172413793
1214473,nox,0.004,ppm,Asia/Tokyo,2024-03-01,0.000689655172413793
1214473,nox,0.002,ppm,Asia/Tokyo,2024-03-01,0.000689655172413793
1214473,nox,0.002,ppm,Asia/Tokyo,2024-03-01,0.000689655172413793
1214473,nox,0.002,ppm,Asia/Tokyo,2024-03-01,0.000689655172413793
1214473,nox,0.002,ppm,Asia/Tokyo,2024-03-01,0.000689655172413793
1214473,nox,0.002,ppm,Asia/Tokyo,2024-03-01,0.000689655172413793
1214473,nox,0.001,ppm,Asia/Tokyo,2024-03-01,0.000689655172413793
1214473,nox,0.001,ppm,Asia/Tokyo,2024-03-01,0.000689655172413793
1214473,nox,0.001,ppm,Asia/Tokyo,2024-03-01,0.000689655172413793
1214473,nox,0.001,ppm,Asia/Tokyo,2024-03-01,0.000689655172413793
1214473,nox,0.001,ppm,Asia/Tokyo,2024-03-01,0.000689655172413793
1214473,nox,0.001,ppm,Asia/Tokyo,2024-03-01,0.000689655172413793
1214473,nox,0.001,ppm,Asia/Tokyo,2024-03-01,0.000689655172413793
1214473,nox,0.0,ppm,Asia/Tokyo,2024-03-01,0.000689655172413793
1214473,nox,0.0,ppm,Asia/Tokyo,2024-03-01,0.000689655172413793
1214473,nox,0.0,ppm,Asia/Tokyo,2024-03-01,0.000689655172413793
1214473,nox,0.001,ppm,Asia/Tokyo,2024-03-01,0.000689655172413793
1214473,nox,0.0,ppm,Asia/Tokyo,2024-03-01,0.000689655172413793
1214473,nox,0.001,ppm,Asia/Tokyo,2024-03-01,0.000689655172413793
1214473,nox,0.001,ppm,Asia/Tokyo,2024-03-01,0.000689655172413793
1214473,nox,0.002,ppm,Asia/Tokyo,2024-03-01,0.000689655172413793
1214473,nox,0.002,ppm,Asia/Tokyo,2024-03-02,0.0006206896551724138
1214473,nox,0.001,ppm,Asia/Tokyo,2024-03-02,0.0006206896551724138
1214473,nox,0.001,ppm,Asia/Tokyo,2024-03-02,0.0006206896551724138
1214473,nox,0.001,ppm,Asia/Tokyo,2024-03-02,0.0006206896551724138
1214473,nox,0.002,ppm,Asia/Tokyo,2024-03-02,0.0006206896551724138
1214473,nox,0.001,ppm,Asia/Tokyo,2024-03-02,0.0006206896551724138
1214473,nox,0.001,ppm,Asia/Tokyo,2024-03-02,0.0006206896551724138
1214473,nox,0.001,ppm,Asia/Tokyo,2024-03-02,0.0006206896551724138
1214473,nox,0.001,ppm,Asia/Tokyo,2024-03-02,0.0006206896551724138
1214473,nox,0.001,ppm,Asia/Tokyo,2024-03-02,0.0006206896551724138
1214473,nox,0.001,ppm,Asia/Tokyo,2024-03-02,0.0006206896551724138
1214473,nox,0.001,ppm,Asia/Tokyo,2024-03-02,0.0006206896551724138
1214473,nox,0.003,ppm,Asia/Tokyo,2024-03-02,0.0006206896551724138
1214473,nox,0.002,ppm,Asia/Tokyo,2024-03-02,0.0006206896551724138
1214473,nox,0.001,ppm,Asia/Tokyo,2024-03-02,0.0006206896551724138
1214473,nox,0.001,ppm,Asia/Tokyo,2024-03-02,0.0006206896551724138
1214473,nox,0.001,ppm,Asia/Tokyo,2024-03-02,0.0006206896551724138
1214473,nox,0.001,ppm,Asia/Tokyo,2024-03-02,0.0006206896551724138
1214473,nox,0.001,ppm,Asia/Tokyo,2024-03-02,0.0006206896551724138
1214473,nox,0.001,ppm,Asia/Tokyo,2024-03-02,0.0006206896551724138
1214473,nox,0.001,ppm,Asia/Tokyo,2024-03-02,0.0006206896551724138
1214473,nox,0.001,ppm,Asia/Tokyo,2024-03-02,0.0006206896551724138
1214473,nox,0.002,ppm,Asia/Tokyo,2024-03-03,0.0011724137931034483
1214473,nox,0.002,ppm,Asia/Tokyo,2024-03-03,0.0011724137931034483
1214473,nox,0.002,ppm,Asia/Tokyo,2024-03-03,0.0011724137931034483
1214473,nox,0.002,ppm,Asia/Tokyo,2024-03-03,0.0011724137931034483
1214473,nox,0.002,ppm,Asia/Tokyo,2024-03-03,0.0011724137931034483
1214473,nox,0.002,ppm,Asia/Tokyo,2024-03-03,0.0011724137931034483
1214473,nox,0.002,ppm,Asia/Tokyo,2024-03-03,0.0011724137931034483
1214473,nox,0.002,ppm,Asia/Tokyo,2024-03-03,0.0011724137931034483
1214473,nox,0.001,ppm,Asia/Tokyo,2024-03-03,0.0011724137931034483
1214473,nox,0.002,ppm,Asia/Tokyo,2024-03-03,0.0011724137931034483
1214473,nox,0.001,ppm,Asia/Tokyo,2024-03-03,0.0011724137931034483
1214473,nox,0.002,ppm,Asia/Tokyo,2024-03-03,0.0011724137931034483
1214473,nox,0.002,ppm,Asia/Tokyo,2024-03-03,0.0011724137931034483
1214473,nox,0.003,ppm,Asia/Tokyo,2024-03-03,0.0011724137931034483
1214473,nox,0.001,ppm,Asia/Tokyo,2024-03-03,0.0011724137931034483
1214473,nox,0.001,ppm,Asia/Tokyo,2024-03-03,0.0011724137931034483
1214473,nox,0.001,ppm,Asia/Tokyo,2024-03-03,0.0011724137931034483
1214473,nox,0.001,ppm,Asia/Tokyo,2024-03-03,0.0011724137931034483
1214473,nox,0.002,ppm,Asia/Tokyo,2024-03-03,0.0011724137931034483
1214473,nox,0.003,ppm,Asia/Tokyo,2024-03-03,0.0011724137931034483
1214473,nox,0.008,ppm,Asia/Tokyo,2024-03-03,0.0011724137931034483
1214473,nox,0.007,ppm,Asia/Tokyo,2024-03-03,0.0011724137931034483
1214473,nox,0.007,ppm,Asia/Tokyo,2024-03-04,0.0018333333333333333
1214473,nox,0.004,ppm,Asia/Tokyo,2024-03-04,0.0018333333333333333
1214473,nox,0.003,ppm,Asia/Tokyo,2024-03-04,0.0018333333333333333
1214473,nox,0.002,ppm,Asia/Tokyo,2024-03-04,0.0018333333333333333
1214473,nox,0.002,ppm,Asia/Tokyo,2024-03-04,0.0018333333333333333
1214473,nox,0.002,ppm,Asia/Tokyo,2024-03-04,0.0018333333333333333
1214473,nox,0.002,ppm,Asia/Tokyo,2024-03-04,0.0018333333333333333
1214473,nox,0.002,ppm,Asia/Tokyo,2024-03-04,0.0018333333333333333
1214473,nox,0.001,ppm,Asia/Tokyo,2024-03-04,0.0018333333333333333
1214473,nox,0.002,ppm,Asia/Tokyo,2024-03-04,0.0018333333333333333
1214473,nox,0.007,ppm,Asia/Tokyo,2024-03-04,0.0018333333333333333
1214473,nox,0.009,ppm,Asia/Tokyo,2024-03-04,0.0018333333333333333
1214473,nox,0.006,ppm,Asia/Tokyo,2024-03-04,0.0018333333333333333
1214473,nox,0.004,ppm,Asia/Tokyo,2024-03-04,0.0018333333333333333
1214473,nox,0.002,ppm,Asia/Tokyo,2024-03-04,0.0018333333333333333
1214473,nox,0.001,ppm,Asia/Tokyo,2024-03-05,0.0004096385542168675
1214473,nox,0.001,ppm,Asia/Tokyo,2024-03-05,0.0004096385542168675
1214473,nox,0.001,ppm,Asia/Tokyo,2024-03-05,0.0004096385542168675
1214473,nox,0.001,ppm,Asia/Tokyo,2024-03-05,0.0004096385542168675
1214473,nox,0.001,ppm,Asia/Tokyo,2024-03-05,0.0004096385542168675
1214473,nox,0.001,ppm,Asia/Tokyo,2024-03-05,0.0004096385542168675
1214473,nox,0.001,ppm,Asia/Tokyo,2024-03-05,0.0004096385542168675
1214473,nox,0.001,ppm,Asia/Tokyo,2024-03-05,0.0004096385542168675
1214473,nox,0.001,ppm,Asia/Tokyo,2024-03-05,0.0004096385542168675
1214473,nox,0.001,ppm,Asia/Tokyo,2024-03-05,0.0004096385542168675
1214473,nox,0.001,ppm,Asia/Tokyo,2024-03-05,0.0004096385542168675
1214473,nox,0.001,ppm,Asia/Tokyo,2024-03-05,0.0004096385542168675
1214473,nox,0.001,ppm,Asia/Tokyo,2024-03-05,0.0004096385542168675
1214473,nox,0.0,ppm,Asia/Tokyo,2024-03-05,0.0004096385542168675
1214473,nox,0.0,ppm,Asia/Tokyo,2024-03-05,0.0004096385542168675
1214473,nox,0.0,ppm,Asia/Tokyo,2024-03-05,0.0004096385542168675
1214473,nox,0.0,ppm,Asia/Tokyo,2024-03-05,0.0004096385542168675
1214473,nox,0.001,ppm,Asia/Tokyo,2024-03-05,0.0004096385542168675
1214473,nox,0.001,ppm,Asia/Tokyo,2024-03-05,0.0004096385542168675
1214473,nox,0.001,ppm,Asia/Tokyo,2024-03-05,0.0004096385542168675
1214473,nox,0.001,ppm,Asia/Tokyo,2024-03-05,0.0004096385542168675
1214473,nox,0.001,ppm,Asia/Tokyo,2024-03-06,0.0004367816091954023
1214473,nox,0.001,ppm,Asia/Tokyo,2024-03-06,0.0004367816091954023
1214473,nox,0.001,ppm,Asia/Tokyo,2024-03-06,0.0004367816091954023
1214473,nox,0.001,ppm,Asia/Tokyo,2024-03-06,0.0004367816091954023
1214473,nox,0.001,ppm,Asia/Tokyo,2024-03-06,0.0004367816091954023
1214473,nox,0.001,ppm,Asia/Tokyo,2024-03-06,0.0004367816091954023
1214473,nox,0.001,ppm,Asia/Tokyo,2024-03-06,0.0004367816091954023
1214473,nox,0.001,ppm,Asia/Tokyo,2024-03-06,0.0004367816091954023
1214473,nox,0.001,ppm,Asia/Tokyo,2024-03-06,0.0004367816091954023
1214473,nox,0.001,ppm,Asia/Tokyo,2024-03-06,0.0004367816091954023
1214473,nox,0.001,ppm,Asia/Tokyo,2024-03-06,0.0004367816091954023
1214473,nox,0.001,ppm,Asia/Tokyo,2024-03-06,0.0004367816091954023
1214473,nox,0.001,ppm,Asia/Tokyo,2024-03-06,0.0004367816091954023
1214473,nox,0.001,ppm,Asia/Tokyo,2024-03-06,0.0004367816091954023
1214473,nox,0.0,ppm,Asia/Tokyo,2024-03-06,0.0004367816091954023
1214473,nox,0.002,ppm,Asia/Tokyo,2024-03-06,0.0004367816091954023
1214473,nox,0.001,ppm,Asia/Tokyo,2024-03-06,0.0004367816091954023
1214473,nox,0.0,ppm,Asia/Tokyo,2024-03-06,0.0004367816091954023
1214473,nox,0.0,ppm,Asia/Tokyo,2024-03-06,0.0004367816091954023
1214473,nox,0.0,ppm,Asia/Tokyo,2024-03-06,0.0004367816091954023
1214473,nox,0.001,ppm,Asia/Tokyo,2024-03-06,0.0004367816091954023
1214473,nox,0.001,ppm,Asia/Tokyo,2024-03-06,0.0004367816091954023
1214473,nox,0.001,ppm,Asia/Tokyo,2024-03-07,0.001264367816091954
1214473,nox,0.001,ppm,Asia/Tokyo,2024-03-07,0.001264367816091954
1214473,nox,0.001,ppm,Asia/Tokyo,2024-03-07,0.001264367816091954
1214473,nox,0.001,ppm,Asia/Tokyo,2024-03-07,0.001264367816091954
1214473,nox,0.001,ppm,Asia/Tokyo,2024-03-07,0.001264367816091954
1214473,nox,0.001,ppm,Asia/Tokyo,2024-03-07,0.001264367816091954
1214473,nox,0.001,ppm,Asia/Tokyo,2024-03-07,0.001264367816091954
1214473,nox,0.001,ppm,Asia/Tokyo,2024-03-07,0.001264367816091954
1214473,nox,0.001,ppm,Asia/Tokyo,2024-03-07,0.001264367816091954
1214473,nox,0.001,ppm,Asia/Tokyo,2024-03-07,0.001264367816091954
1214473,nox,0.001,ppm,Asia/Tokyo,2024-03-07,0.001264367816091954
1214473,nox,0.001,ppm,Asia/Tokyo,2024-03-07,0.001264367816091954
1214473,nox,0.001,ppm,Asia/Tokyo,2024-03-07,0.001264367816091954
1214473,nox,0.002,ppm,Asia/Tokyo,2024-03-07,0.001264367816091954
1214473,nox,0.002,ppm,Asia/Tokyo,2024-03-07,0.001264367816091954
1214473,nox,0.001,ppm,Asia/Tokyo,2024-03-07,0.001264367816091954
1214473,nox,0.002,ppm,Asia/Tokyo,2024-03-07,0.001264367816091954
1214473,nox,0.002,ppm,Asia/Tokyo,2024-03-07,0.001264367816091954
1214473,nox,0.002,ppm,Asia/Tokyo,2024-03-07,0.001264367816091954
1214473,nox,0.004,ppm,Asia/Tokyo,2024-03-07,0.001264367816091954
1214473,nox,0.008,ppm,Asia/Tokyo,2024-03-07,0.001264367816091954
1214473,nox,0.019,ppm,Asia/Tokyo,2024-03-07,0.001264367816091954
1214473,nox,0.001,ppm,Asia/Tokyo,2024-03-08,0.0007586206896551725
1214473,nox,0.001,ppm,Asia/Tokyo,2024-03-08,0.0007586206896551725
1214473,nox,0.001,ppm,Asia/Tokyo,2024-03-08,0.0007586206896551725
1214473,nox,0.001,ppm,Asia/Tokyo,2024-03-08,0.0007586206896551725
1214473,nox,0.001,ppm,Asia/Tokyo,2024-03-08,0.0007586206896551725
1214473,nox,0.001,ppm,Asia/Tokyo,2024-03-08,0.0007586206896551725
1214473,nox,0.003,ppm,Asia/Tokyo,2024-03-08,0.0007586206896551725
1214473,nox,0.003,ppm,Asia/Tokyo,2024-03-08,0.0007586206896551725
1214473,nox,0.004,ppm,Asia/Tokyo,2024-03-08,0.0007586206896551725
1214473,nox,0.003,ppm,Asia/Tokyo,2024-03-08,0.0007586206896551725
1214473,nox,0.003,ppm,Asia/Tokyo,2024-03-08,0.0007586206896551725
1214473,nox,0.002,ppm,Asia/Tokyo,2024-03-08,0.0007586206896551725
1214473,nox,0.002,ppm,Asia/Tokyo,2024-03-08,0.0007586206896551725
1214473,nox,0.001,ppm,Asia/Tokyo,2024-03-08,0.0007586206896551725
1214473,nox,0.0,ppm,Asia/Tokyo,2024-03-08,0.0007586206896551725
1214473,nox,0.0,ppm,Asia/Tokyo,2024-03-08,0.0007586206896551725
1214473,nox,0.001,ppm,Asia/Tokyo,2024-03-08,0.0007586206896551725
1214473,nox,0.001,ppm,Asia/Tokyo,2024-03-08,0.0007586206896551725
1214473,nox,0.001,ppm,Asia/Tokyo,2024-03-08,0.0007586206896551725
1214473,nox,0.001,ppm,Asia/Tokyo,2024-03-08,0.0007586206896551725
1214473,nox,0.001,ppm,Asia/Tokyo,2024-03-08,0.0007586206896551725
1214473,nox,0.001,ppm,Asia/Tokyo,2024-03-08,0.0007586206896551725
1214473,nox,0.001,ppm,Asia/Tokyo,2024-03-09,0.0005747126436781609
1214473,nox,0.001,ppm,Asia/Tokyo,2024-03-09,0.0005747126436781609
1214473,nox,0.001,ppm,Asia/Tokyo,2024-03-09,0.0005747126436781609
1214473,nox,0.002,ppm,Asia/Tokyo,2024-03-09,0.0005747126436781609
1214473,nox,0.001,ppm,Asia/Tokyo,2024-03-09,0.0005747126436781609
1214473,nox,0.001,ppm,Asia/Tokyo,2024-03-09,0.0005747126436781609
1214473,nox,0.001,ppm,Asia/Tokyo,2024-03-09,0.0005747126436781609
1214473,nox,0.001,ppm,Asia/Tokyo,2024-03-09,0.0005747126436781609
1214473,nox,0.001,ppm,Asia/Tokyo,2024-03-09,0.0005747126436781609
1214473,nox,0.001,ppm,Asia/Tokyo,2024-03-09,0.0005747126436781609
1214473,nox,0.001,ppm,Asia/Tokyo,2024-03-09,0.0005747126436781609
1214473,nox,0.001,ppm,Asia/Tokyo,2024-03-09,0.0005747126436781609
1214473,nox,0.001,ppm,Asia/Tokyo,2024-03-09,0.0005747126436781609
1214473,nox,0.001,ppm,Asia/Tokyo,2024-03-09,0.0005747126436781609
1214473,nox,0.001,ppm,Asia/Tokyo,2024-03-09,0.0005747126436781609
1214473,nox,0.001,ppm,Asia/Tokyo,2024-03-09,0.0005747126436781609
1214473,nox,0.001,ppm,Asia/Tokyo,2024-03-09,0.0005747126436781609
1214473,nox,0.001,ppm,Asia/Tokyo,2024-03-09,0.0005747126436781609
1214473,nox,0.001,ppm,Asia/Tokyo,2024-03-09,0.0005747126436781609
1214473,nox,0.001,ppm,Asia/Tokyo,2024-03-09,0.0005747126436781609
1214473,nox,0.002,ppm,Asia/Tokyo,2024-03-09,0.0005747126436781609
1214473,nox,0.002,ppm,Asia/Tokyo,2024-03-09,0.0005747126436781609
1214473,nox,0.004,ppm,Asia/Tokyo,2024-03-10,0.0017241379310344827
1214473,nox,0.003,ppm,Asia/Tokyo,2024-03-10,0.0017241379310344827
1214473,nox,0.001,ppm,Asia/Tokyo,2024-03-10,0.0017241379310344827
1214473,nox,0.001,ppm,Asia/Tokyo,2024-03-10,0.0017241379310344827
1214473,nox,0.001,ppm,Asia/Tokyo,2024-03-10,0.0017241379310344827
1214473,nox,0.001,ppm,Asia/Tokyo,2024-03-10,0.0017241379310344827
1214473,nox,0.001,ppm,Asia/Tokyo,2024-03-10,0.0017241379310344827
1214473,nox,0.001,ppm,Asia/Tokyo,2024-03-10,0.0017241379310344827
1214473,nox,0.001,ppm,Asia/Tokyo,2024-03-10,0.0017241379310344827
1214473,nox,0.001,ppm,Asia/Tokyo,2024-03-10,0.0017241379310344827
1214473,nox,0.003,ppm,Asia/Tokyo,2024-03-10,0.0017241379310344827
1214473,nox,0.003,ppm,Asia/Tokyo,2024-03-10,0.0017241379310344827
1214473,nox,0.005,ppm,Asia/Tokyo,2024-03-10,0.0017241379310344827
1214473,nox,0.003,ppm,Asia/Tokyo,2024-03-10,0.0017241379310344827
1214473,nox,0.002,ppm,Asia/Tokyo,2024-03-10,0.0017241379310344827
1214473,nox,0.002,ppm,Asia/Tokyo,2024-03-10,0.0017241379310344827
1214473,nox,0.002,ppm,Asia/Tokyo,2024-03-10,0.0017241379310344827
1214473,nox,0.002,ppm,Asia/Tokyo,2024-03-10,0.0017241379310344827
1214473,nox,0.001,ppm,Asia/Tokyo,2024-03-10,0.0017241379310344827
1214473,nox,0.006,ppm,Asia/Tokyo,2024-03-10,0.0017241379310344827
1214473,nox,0.009,ppm,Asia/Tokyo,2024-03-10,0.0017241379310344827
1214473,nox,0.022,ppm,Asia/Tokyo,2024-03-10,0.0017241379310344827
1214473,nox,0.008,ppm,Asia/Tokyo,2024-03-11,0.002218390804597701
1214473,nox,0.006,ppm,Asia/Tokyo,2024-03-11,0.002218390804597701
1214473,nox,0.002,ppm,Asia/Tokyo,2024-03-11,0.002218390804597701
1214473,nox,0.001,ppm,Asia/Tokyo,2024-03-11,0.002218390804597701
1214473,nox,0.001,ppm,Asia/Tokyo,2024-03-11,0.002218390804597701
1214473,nox,0.002,ppm,Asia/Tokyo,2024-03-11,0.002218390804597701
1214473,nox,0.003,ppm,Asia/Tokyo,2024-03-11,0.002218390804597701
1214473,nox,0.003,ppm,Asia/Tokyo,2024-03-11,0.002218390804597701
1214473,nox,0.002,ppm,Asia/Tokyo,2024-03-11,0.002218390804597701
1214473,nox,0.003,ppm,Asia/Tokyo,2024-03-11,0.002218390804597701
1214473,nox,0.009,ppm,Asia/Tokyo,2024-03-11,0.002218390804597701
1214473,nox,0.007,ppm,Asia/Tokyo,2024-03-11,0.002218390804597701
1214473,nox,0.008,ppm,Asia/Tokyo,2024-03-11,0.002218390804597701
1214473,nox,0.005,ppm,Asia/Tokyo,2024-03-11,0.002218390804597701
1214473,nox,0.002,ppm,Asia/Tokyo,2024-03-11,0.002218390804597701
1214473,nox,0.002,ppm,Asia/Tokyo,2024-03-11,0.002218390804597701
1214473,nox,0.002,ppm,Asia/Tokyo,2024-03-11,0.002218390804597701
1214473,nox,0.002,ppm,Asia/Tokyo,2024-03-11,0.002218390804597701
1214473,nox,0.002,ppm,Asia/Tokyo,2024-03-11,0.002218390804597701
1214473,nox,0.002,ppm,Asia/Tokyo,2024-03-11,0.002218390804597701
1214473,nox,0.011,ppm,Asia/Tokyo,2024-03-11,0.002218390804597701
1214473,nox,0.009,ppm,Asia/Tokyo,2024-03-11,0.002218390804597701
1214473,nox,0.015,ppm,Asia/Tokyo,2024-03-12,0.001620689655172414
1214473,nox,0.008,ppm,Asia/Tokyo,2024-03-12,0.001620689655172414
1214473,nox,0.004,ppm,Asia/Tokyo,2024-03-12,0.001620689655172414
1214473,nox,0.002,ppm,Asia/Tokyo,2024-03-12,0.001620689655172414
1214473,nox,0.002,ppm,Asia/Tokyo,2024-03-12,0.001620689655172414
1214473,nox,0.002,ppm,Asia/Tokyo,2024-03-12,0.001620689655172414
1214473,nox,0.002,ppm,Asia/Tokyo,2024-03-12,0.001620689655172414
1214473,nox,0.001,ppm,Asia/Tokyo,2024-03-12,0.001620689655172414
1214473,nox,0.001,ppm,Asia/Tokyo,2024-03-12,0.001620689655172414
1214473,nox,0.002,ppm,Asia/Tokyo,2024-03-12,0.001620689655172414
1214473,nox,0.003,ppm,Asia/Tokyo,2024-03-12,0.001620689655172414
1214473,nox,0.004,ppm,Asia/Tokyo,2024-03-12,0.001620689655172414
1214473,nox,0.004,ppm,Asia/Tokyo,2024-03-12,0.001620689655172414
1214473,nox,0.002,ppm,Asia/Tokyo,2024-03-12,0.001620689655172414
1214473,nox,0.001,ppm,Asia/Tokyo,2024-03-12,0.001620689655172414
1214473,nox,0.001,ppm,Asia/Tokyo,2024-03-12,0.001620689655172414
1214473,nox,0.001,ppm,Asia/Tokyo,2024-03-12,0.001620689655172414
1214473,nox,0.001,ppm,Asia/Tokyo,2024-03-12,0.001620689655172414
1214473,nox,0.001,ppm,Asia/Tokyo,2024-03-12,0.001620689655172414
1214473,nox,0.002,ppm,Asia/Tokyo,2024-03-12,0.001620689655172414
1214473,nox,0.006,ppm,Asia/Tokyo,2024-03-12,0.001620689655172414
1214473,nox,0.004,ppm,Asia/Tokyo,2024-03-12,0.001620689655172414
1214473,nox,0.003,ppm,Asia/Tokyo,2024-03-13,0.0011494252873563218
1214473,nox,0.002,ppm,Asia/Tokyo,2024-03-13,0.0011494252873563218
1214473,nox,0.003,ppm,Asia/Tokyo,2024-03-13,0.0011494252873563218
1214473,nox,0.002,ppm,Asia/Tokyo,2024-03-13,0.0011494252873563218
1214473,nox,0.001,ppm,Asia/Tokyo,2024-03-13,0.0011494252873563218
1214473,nox,0.001,ppm,Asia/Tokyo,2024-03-13,0.0011494252873563218
1214473,nox,0.001,ppm,Asia/Tokyo,2024-03-13,0.0011494252873563218
1214473,nox,0.001,ppm,Asia/Tokyo,2024-03-13,0.0011494252873563218
1214473,nox,0.002,ppm,Asia/Tokyo,2024-03-13,0.0011494252873563218
1214473,nox,0.002,ppm,Asia/Tokyo,2024-03-13,0.0011494252873563218
1214473,nox,0.005,ppm,Asia/Tokyo,2024-03-13,0.0011494252873563218
1214473,nox,0.004,ppm,Asia/Tokyo,2024-03-13,0.0011494252873563218
1214473,nox,0.003,ppm,Asia/Tokyo,2024-03-13,0.0011494252873563218
1214473,nox,0.002,ppm,Asia/Tokyo,2024-03-13,0.0011494252873563218
1214473,nox,0.002,ppm,Asia/Tokyo,2024-03-13,0.0011494252873563218
1214473,nox,0.001,ppm,Asia/Tokyo,2024-03-13,0.0011494252873563218
1214473,nox,0.002,ppm,Asia/Tokyo,2024-03-13,0.0011494252873563218
1214473,nox,0.001,ppm,Asia/Tokyo,2024-03-13,0.0011494252873563218
1214473,nox,0.001,ppm,Asia/Tokyo,2024-03-13,0.0011494252873563218
1214473,nox,0.001,ppm,Asia/Tokyo,2024-03-13,0.0011494252873563218
1214473,nox,0.002,ppm,Asia/Tokyo,2024-03-13,0.0011494252873563218
1214473,nox,0.003,ppm,Asia/Tokyo,2024-03-13,0.0011494252873563218
1214473,nox,0.004,ppm,Asia/Tokyo,2024-03-14,0.0017356321839080459
1214473,nox,0.003,ppm,Asia/Tokyo,2024-03-14,0.0017356321839080459
1214473,nox,0.004,ppm,Asia/Tokyo,2024-03-14,0.0017356321839080459
1214473,nox,0.002,ppm,Asia/Tokyo,2024-03-14,0.0017356321839080459
1214473,nox,0.002,ppm,Asia/Tokyo,2024-03-14,0.0017356321839080459
1214473,nox,0.002,ppm,Asia/Tokyo,2024-03-14,0.0017356321839080459
1214473,nox,0.003,ppm,Asia/Tokyo,2024-03-14,0.0017356321839080459
1214473,nox,0.002,ppm,Asia/Tokyo,2024-03-14,0.0017356321839080459
1214473,nox,0.002,ppm,Asia/Tokyo,2024-03-14,0.0017356321839080459
1214473,nox,0.002,ppm,Asia/Tokyo,2024-03-14,0.0017356321839080459
1214473,nox,0.005,ppm,Asia/Tokyo,2024-03-14,0.0017356321839080459
1214473,nox,0.01,ppm,Asia/Tokyo,2024-03-14,0.0017356321839080459
1214473,nox,0.003,ppm,Asia/Tokyo,2024-03-14,0.0017356321839080459
1214473,nox,0.005,ppm,Asia/Tokyo,2024-03-14,0.0017356321839080459
1214473,nox,0.004,ppm,Asia/Tokyo,2024-03-14,0.0017356321839080459
1214473,nox,0.002,ppm,Asia/Tokyo,2024-03-14,0.0017356321839080459
1214473,nox,0.002,ppm,Asia/Tokyo,2024-03-14,0.0017356321839080459
1214473,nox,0.002,ppm,Asia/Tokyo,2024-03-14,0.0017356321839080459
1214473,nox,0.002,ppm,Asia/Tokyo,2024-03-14,0.0017356321839080459
1214473,nox,0.002,ppm,Asia/Tokyo,2024-03-14,0.0017356321839080459
1214473,nox,0.003,ppm,Asia/Tokyo,2024-03-14,0.0017356321839080459
1214473,nox,0.003,ppm,Asia/Tokyo,2024-03-14,0.0017356321839080459
1214473,nox,0.004,ppm,Asia/Tokyo,2024-03-15,0.0016666666666666666
1214473,nox,0.003,ppm,Asia/Tokyo,2024-03-15,0.0016666666666666666
1214473,nox,0.003,ppm,Asia/Tokyo,2024-03-15,0.0016666666666666666
1214473,nox,0.003,ppm,Asia/Tokyo,2024-03-15,0.0016666666666666666
1214473,nox,0.003,ppm,Asia/Tokyo,2024-03-15,0.0016666666666666666
1214473,nox,0.003,ppm,Asia/Tokyo,2024-03-15,0.0016666666666666666
1214473,nox,0.003,ppm,Asia/Tokyo,2024-03-15,0.0016666666666666666
1214473,nox,0.003,ppm,Asia/Tokyo,2024-03-15,0.0016666666666666666
1214473,nox,0.003,ppm,Asia/Tokyo,2024-03-15,0.0016666666666666666
1214473,nox,0.003,ppm,Asia/Tokyo,2024-03-15,0.0016666666666666666
1214473,nox,0.003,ppm,Asia/Tokyo,2024-03-15,0.0016666666666666666
1214473,nox,0.003,ppm,Asia/Tokyo,2024-03-15,0.0016666666666666666
1214473,nox,0.002,ppm,Asia/Tokyo,2024-03-15,0.0016666666666666666
1214473,nox,0.002,ppm,Asia/Tokyo,2024-03-15,0.0016666666666666666
1214473,nox,0.002,ppm,Asia/Tokyo,2024-03-15,0.0016666666666666666
1214473,nox,0.002,ppm,Asia/Tokyo,2024-03-15,0.0016666666666666666
1214473,nox,0.001,ppm,Asia/Tokyo,2024-03-18,0.002265625
1214473,nox,0.002,ppm,Asia/Tokyo,2024-03-18,0.002265625
1214473,nox,0.002,ppm,Asia/Tokyo,2024-03-18,0.002265625
1214473,nox,0.002,ppm,Asia/Tokyo,2024-03-18,0.002265625
1214473,nox,0.002,ppm,Asia/Tokyo,2024-03-18,0.002265625
1214473,nox,0.002,ppm,Asia/Tokyo,2024-03-18,0.002265625
1214473,nox,0.005,ppm,Asia/Tokyo,2024-03-18,0.002265625
1214473,nox,0.005,ppm,Asia/Tokyo,2024-03-18,0.002265625
1214473,nox,0.002,ppm,Asia/Tokyo,2024-03-18,0.002265625
1214473,nox,0.004,ppm,Asia/Tokyo,2024-03-18,0.002265625
1214473,nox,0.003,ppm,Asia/Tokyo,2024-03-18,0.002265625
1214473,nox,0.002,ppm,Asia/Tokyo,2024-03-18,0.002265625
1214473,nox,0.003,ppm,Asia/Tokyo,2024-03-18,0.002265625
1214473,nox,0.003,ppm,Asia/Tokyo,2024-03-18,0.002265625
1214473,nox,0.009,ppm,Asia/Tokyo,2024-03-18,0.002265625
1214473,nox,0.022,ppm,Asia/Tokyo,2024-03-18,0.002265625
1214473,nox,0.009,ppm,Asia/Tokyo,2024-03-19,0.0014819277108433734
1214473,nox,0.004,ppm,Asia/Tokyo,2024-03-19,0.0014819277108433734
1214473,nox,0.003,ppm,Asia/Tokyo,2024-03-19,0.0014819277108433734
1214473,nox,0.003,ppm,Asia/Tokyo,2024-03-19,0.0014819277108433734
1214473,nox,0.003,ppm,Asia/Tokyo,2024-03-19,0.0014819277108433734
1214473,nox,0.004,ppm,Asia/Tokyo,2024-03-19,0.0014819277108433734
1214473,nox,0.005,ppm,Asia/Tokyo,2024-03-19,0.0014819277108433734
1214473,nox,0.004,ppm,Asia/Tokyo,2024-03-19,0.0014819277108433734
1214473,nox,0.002,ppm,Asia/Tokyo,2024-03-19,0.0014819277108433734
1214473,nox,0.002,ppm,Asia/Tokyo,2024-03-19,0.0014819277108433734
1214473,nox,0.002,ppm,Asia/Tokyo,2024-03-19,0.0014819277108433734
1214473,nox,0.002,ppm,Asia/Tokyo,2024-03-19,0.0014819277108433734
1214473,nox,0.002,ppm,Asia/Tokyo,2024-03-19,0.0014819277108433734
1214473,nox,0.002,ppm,Asia/Tokyo,2024-03-19,0.0014819277108433734
1214473,nox,0.002,ppm,Asia/Tokyo,2024-03-19,0.0014819277108433734
1214473,nox,0.002,ppm,Asia/Tokyo,2024-03-19,0.0014819277108433734
1214473,nox,0.001,ppm,Asia/Tokyo,2024-03-19,0.0014819277108433734
1214473,nox,0.001,ppm,Asia/Tokyo,2024-03-19,0.0014819277108433734
1214473,nox,0.002,ppm,Asia/Tokyo,2024-03-19,0.0014819277108433734
1214473,nox,0.002,ppm,Asia/Tokyo,2024-03-19,0.0014819277108433734
1214473,nox,0.004,ppm,Asia/Tokyo,2024-03-19,0.0014819277108433734
1214473,nox,0.003,ppm,Asia/Tokyo,2024-03-20,0.0015
